appId,username,email,avatar,password,birthdate,registeredAt
2472651710370605,Davin_Mosciski74,Anya_Friesen32@hotmail.com,https://cdn.jsdelivr.net/gh/faker-js/assets-person-portrait/female/512/45.jpg,Sun Jan 09 1966 12:34:43 GMT-0500 (Eastern Standard Time),Sun Nov 10 2024 11:59:18 GMT-0500 (Eastern Standard Time)
2982946050843828,Selena.Fahey,Wava_Ullrich-Cronin@gmail.com,https://avatars.githubusercontent.com/u/5927952,Fri Nov 25 2005 15:00:36 GMT-0500 (Eastern Standard Time),Sun May 04 2025 06:40:24 GMT-0400 (Eastern Daylight Time)
3169889939577061,Belle48,Kaelyn5@hotmail.com,https://avatars.githubusercontent.com/u/73259078,Sun Jan 31 1971 05:36:51 GMT-0500 (Eastern Standard Time),Mon Feb 10 2025 20:31:40 GMT-0500 (Eastern Standard Time)
2394624342419140,Conrad_Padberg55,Chaim44@yahoo.com,https://avatars.githubusercontent.com/u/55231079,Sat Nov 25 1989 14:17:16 GMT-0500 (Eastern Standard Time),Mon Oct 07 2024 22:28:54 GMT-0400 (Eastern Daylight Time)
8206266672459422,Tillman39,Alene.Jaskolski91@gmail.com,https://avatars.githubusercontent.com/u/20171344,Sat Jun 25 1949 21:46:34 GMT-0400 (Eastern Daylight Time),Thu Aug 01 2024 08:43:16 GMT-0400 (Eastern Daylight Time)
1082909514289616,Delpha.Frami,Jerrell_Lemke99@hotmail.com,https://avatars.githubusercontent.com/u/73121498,Tue Apr 29 1947 15:21:27 GMT-0400 (Eastern Daylight Time),Wed Jan 29 2025 19:24:01 GMT-0500 (Eastern Standard Time)
4228154225393458,Murl_Hyatt,Wyatt_Larson@gmail.com,https://avatars.githubusercontent.com/u/30504098,Tue Nov 18 1958 20:18:35 GMT-0500 (Eastern Standard Time),Fri Jul 11 2025 04:40:41 GMT-0400 (Eastern Daylight Time)
8689763716750333,Janiya.Fay,Archibald63@gmail.com,https://cdn.jsdelivr.net/gh/faker-js/assets-person-portrait/female/512/32.jpg,Thu Jan 22 2004 23:11:26 GMT-0500 (Eastern Standard Time),Thu Feb 27 2025 22:09:08 GMT-0500 (Eastern Standard Time)
2649602410518892,Clinton_Keebler6,Gayle.Powlowski30@gmail.com,https://avatars.githubusercontent.com/u/42931442,Thu Apr 28 2005 05:48:26 GMT-0400 (Eastern Daylight Time),Sat Feb 01 2025 15:10:45 GMT-0500 (Eastern Standard Time)
672659093962509,Anjali73,Lenna91@hotmail.com,https://avatars.githubusercontent.com/u/22713352,Mon May 06 1946 14:05:58 GMT-0400 (Eastern Daylight Time),Wed Jun 11 2025 02:15:33 GMT-0400 (Eastern Daylight Time)
3130463884572521,Fabian_Conroy99,Mayra_Goldner@yahoo.com,https://avatars.githubusercontent.com/u/34132824,Sun Oct 05 1975 23:24:23 GMT-0400 (Eastern Daylight Time),Mon Jul 22 2024 22:36:31 GMT-0400 (Eastern Daylight Time)
2282579536198787,Aurelia.Funk,Jerrod_Padberg22@gmail.com,https://cdn.jsdelivr.net/gh/faker-js/assets-person-portrait/male/512/32.jpg,Wed Dec 23 1981 00:31:04 GMT-0500 (Eastern Standard Time),Tue Mar 25 2025 05:07:23 GMT-0400 (Eastern Daylight Time)
1277300756215879,Ruthie_Herman,Glenda9@hotmail.com,https://cdn.jsdelivr.net/gh/faker-js/assets-person-portrait/male/512/49.jpg,Thu Sep 03 1953 12:04:30 GMT-0400 (Eastern Daylight Time),Thu Oct 17 2024 19:56:55 GMT-0400 (Eastern Daylight Time)
7270466477229969,Evie97,Anita_Klocko@yahoo.com,https://avatars.githubusercontent.com/u/54871649,Thu Jul 14 1983 14:26:34 GMT-0400 (Eastern Daylight Time),Sun Mar 09 2025 12:37:38 GMT-0400 (Eastern Daylight Time)
5397058194203,Leora15,Frank.Monahan20@hotmail.com,https://cdn.jsdelivr.net/gh/faker-js/assets-person-portrait/female/512/84.jpg,Sun Oct 20 1985 23:45:48 GMT-0400 (Eastern Daylight Time),Wed May 07 2025 04:38:01 GMT-0400 (Eastern Daylight Time)
8651365244493679,Roy_Glover,Lauretta61@gmail.com,https://avatars.githubusercontent.com/u/18128326,Fri Feb 12 1993 19:32:19 GMT-0500 (Eastern Standard Time),Sat Nov 09 2024 05:27:20 GMT-0500 (Eastern Standard Time)
5893728848952974,Cathrine.Metz31,Jovany48@yahoo.com,https://avatars.githubusercontent.com/u/26331472,Sun Jul 09 1989 05:02:36 GMT-0400 (Eastern Daylight Time),Sun Aug 18 2024 20:15:09 GMT-0400 (Eastern Daylight Time)
4614233323678550,Caleb_Hyatt28,Martine.Wehner52@yahoo.com,https://cdn.jsdelivr.net/gh/faker-js/assets-person-portrait/male/512/23.jpg,Sat Feb 04 1956 14:55:40 GMT-0500 (Eastern Standard Time),Thu Dec 26 2024 19:02:17 GMT-0500 (Eastern Standard Time)
213462438274937,Selena.Cormier,Garfield.Abbott59@hotmail.com,https://cdn.jsdelivr.net/gh/faker-js/assets-person-portrait/female/512/54.jpg,Wed Mar 06 1985 03:17:29 GMT-0500 (Eastern Standard Time),Sun Sep 15 2024 00:28:24 GMT-0400 (Eastern Daylight Time)
2137890257424041,Margaretta_Crona,Ivah20@yahoo.com,https://cdn.jsdelivr.net/gh/faker-js/assets-person-portrait/male/512/8.jpg,Thu Dec 17 1998 05:18:16 GMT-0500 (Eastern Standard Time),Wed Oct 09 2024 17:12:30 GMT-0400 (Eastern Daylight Time)
10347278102536,Arnoldo_VonRueden94,Conner.Feest94@gmail.com,https://cdn.jsdelivr.net/gh/faker-js/assets-person-portrait/male/512/77.jpg,Thu Jan 01 1959 03:56:07 GMT-0500 (Eastern Standard Time),Thu Sep 19 2024 23:44:50 GMT-0400 (Eastern Daylight Time)
1744481439167836,Lorenza_Raynor,Margarett.Macejkovic5@gmail.com,https://cdn.jsdelivr.net/gh/faker-js/assets-person-portrait/female/512/99.jpg,Wed Sep 01 1976 00:56:15 GMT-0400 (Eastern Daylight Time),Sun Nov 10 2024 20:58:03 GMT-0500 (Eastern Standard Time)
3208555171424360,Dayna.Ziemann89,Jaden.Lubowitz@hotmail.com,https://avatars.githubusercontent.com/u/28651894,Mon Jul 27 1970 21:07:53 GMT-0400 (Eastern Daylight Time),Sat Apr 19 2025 11:08:04 GMT-0400 (Eastern Daylight Time)
8452027737332065,Katrina.Quitzon39,Russel_Smitham@yahoo.com,https://avatars.githubusercontent.com/u/64558539,Thu May 17 1973 09:28:28 GMT-0400 (Eastern Daylight Time),Fri Mar 07 2025 04:37:19 GMT-0500 (Eastern Standard Time)
6946045560971945,Frida15,Theresia.Stroman87@gmail.com,https://cdn.jsdelivr.net/gh/faker-js/assets-person-portrait/male/512/25.jpg,Wed Apr 05 1978 14:36:39 GMT-0500 (Eastern Standard Time),Sat Jun 07 2025 20:18:20 GMT-0400 (Eastern Daylight Time)
7342688752046520,Dayton.Gerlach68,Stella_OConnell@gmail.com,https://avatars.githubusercontent.com/u/43595198,Sun Jul 14 1963 13:12:09 GMT-0400 (Eastern Daylight Time),Mon Dec 02 2024 05:25:29 GMT-0500 (Eastern Standard Time)
2958483813415768,Elva_Aufderhar91,Angelita_Price49@hotmail.com,https://cdn.jsdelivr.net/gh/faker-js/assets-person-portrait/male/512/3.jpg,Sat Mar 21 1953 08:01:14 GMT-0500 (Eastern Daylight Time),Sat May 31 2025 00:35:34 GMT-0400 (Eastern Daylight Time)
8546596286726110,Carlo_Leffler14,Dejon18@hotmail.com,https://cdn.jsdelivr.net/gh/faker-js/assets-person-portrait/male/512/23.jpg,Sun Oct 03 1993 20:55:25 GMT-0400 (Eastern Daylight Time),Sun Jun 15 2025 18:59:49 GMT-0400 (Eastern Daylight Time)
1165379024089574,Rita_Dare61,Kristofer.Larson@gmail.com,https://avatars.githubusercontent.com/u/70530396,Fri Apr 15 1983 10:29:52 GMT-0500 (Eastern Standard Time),Tue Sep 17 2024 13:09:47 GMT-0400 (Eastern Daylight Time)
4429785569315346,Dane86,Ena.Konopelski@yahoo.com,https://avatars.githubusercontent.com/u/77894057,Sun Mar 30 1975 23:31:14 GMT-0400 (Eastern Daylight Time),Fri May 23 2025 22:38:49 GMT-0400 (Eastern Daylight Time)
8904826944787367,Alvah.Hansen,Jensen74@hotmail.com,https://avatars.githubusercontent.com/u/88760879,Mon Oct 03 1960 01:58:55 GMT-0400 (Eastern Daylight Time),Mon Aug 12 2024 23:35:32 GMT-0400 (Eastern Daylight Time)
4006495734621013,Elton.Bergnaum,Marilie.Ledner0@hotmail.com,https://avatars.githubusercontent.com/u/66899752,Tue Jan 21 1997 03:59:20 GMT-0500 (Eastern Standard Time),Fri Sep 13 2024 09:10:36 GMT-0400 (Eastern Daylight Time)
4276861850957883,Scarlett.Borer,Amos.Feeney@gmail.com,https://cdn.jsdelivr.net/gh/faker-js/assets-person-portrait/female/512/32.jpg,Mon Feb 16 1970 15:14:06 GMT-0500 (Eastern Standard Time),Wed Dec 18 2024 22:13:10 GMT-0500 (Eastern Standard Time)
4726795880623560,Danial8,Alexzander.Rau68@hotmail.com,https://avatars.githubusercontent.com/u/71119772,Mon Feb 03 1969 08:27:54 GMT-0500 (Eastern Standard Time),Thu Nov 14 2024 10:09:42 GMT-0500 (Eastern Standard Time)
6015447516968109,Loraine64,Rod_Windler94@gmail.com,https://avatars.githubusercontent.com/u/49310533,Fri Jan 17 1969 06:01:08 GMT-0500 (Eastern Standard Time),Wed Mar 19 2025 06:21:03 GMT-0400 (Eastern Daylight Time)
4680825098920791,Maegan67,Effie_Metz@gmail.com,https://cdn.jsdelivr.net/gh/faker-js/assets-person-portrait/male/512/45.jpg,Wed Feb 26 2003 02:45:50 GMT-0500 (Eastern Standard Time),Sat Aug 03 2024 22:11:34 GMT-0400 (Eastern Daylight Time)
6511636354819094,Alexzander.Williamson-Luettgen,Madilyn_Bartell26@hotmail.com,https://avatars.githubusercontent.com/u/90609930,Sat May 07 1955 07:20:54 GMT-0400 (Eastern Daylight Time),Fri Jun 13 2025 05:43:24 GMT-0400 (Eastern Daylight Time)
1398592420704694,Gregorio_Thompson,Mohammad_Schumm@hotmail.com,https://avatars.githubusercontent.com/u/34859086,Sat Aug 08 1964 04:04:24 GMT-0400 (Eastern Daylight Time),Sun Nov 03 2024 10:06:17 GMT-0500 (Eastern Standard Time)
2635915885677446,Elton.Nicolas8,Elvie_Okuneva77@yahoo.com,https://cdn.jsdelivr.net/gh/faker-js/assets-person-portrait/female/512/39.jpg,Wed Nov 21 1956 07:39:16 GMT-0500 (Eastern Standard Time),Sun Jun 08 2025 17:50:44 GMT-0400 (Eastern Daylight Time)
5310305966248676,Willis.Lindgren88,Mauricio_Powlowski@hotmail.com,https://avatars.githubusercontent.com/u/56421802,Fri Mar 08 1996 16:04:42 GMT-0500 (Eastern Standard Time),Wed Jul 31 2024 22:33:02 GMT-0400 (Eastern Daylight Time)
7077012742880035,Lane.Ebert,Alfreda2@yahoo.com,https://avatars.githubusercontent.com/u/74955350,Wed Dec 21 1994 05:00:03 GMT-0500 (Eastern Standard Time),Wed Feb 26 2025 00:18:48 GMT-0500 (Eastern Standard Time)
4215095186629339,Rachael.Watsica94,King.Hayes88@gmail.com,https://cdn.jsdelivr.net/gh/faker-js/assets-person-portrait/male/512/14.jpg,Tue Apr 28 1998 22:22:42 GMT-0400 (Eastern Daylight Time),Sun Apr 27 2025 15:07:55 GMT-0400 (Eastern Daylight Time)
4457514169879335,Richard_Willms,Taryn.Hyatt13@gmail.com,https://cdn.jsdelivr.net/gh/faker-js/assets-person-portrait/female/512/62.jpg,Sat Jul 27 1963 03:17:09 GMT-0400 (Eastern Daylight Time),Tue Aug 13 2024 18:41:47 GMT-0400 (Eastern Daylight Time)
8775892389784020,Demond_Botsford64,Ashley.Quitzon-Medhurst39@gmail.com,https://avatars.githubusercontent.com/u/84149430,Thu May 15 1986 04:43:19 GMT-0400 (Eastern Daylight Time),Wed Dec 18 2024 06:49:59 GMT-0500 (Eastern Standard Time)
1232033344979910,Verner21,Estelle_Satterfield@gmail.com,https://avatars.githubusercontent.com/u/97764710,Fri May 20 1960 17:23:22 GMT-0400 (Eastern Daylight Time),Mon Feb 03 2025 08:09:08 GMT-0500 (Eastern Standard Time)
7727281957951611,Leopold_Kiehn,Tyrique.Runte57@gmail.com,https://cdn.jsdelivr.net/gh/faker-js/assets-person-portrait/male/512/55.jpg,Sun Aug 21 1977 11:53:53 GMT-0400 (Eastern Daylight Time),Fri Jul 04 2025 19:38:59 GMT-0400 (Eastern Daylight Time)
6266509949085183,Wilhelmine_Keeling79,Dedric.Tremblay@hotmail.com,https://cdn.jsdelivr.net/gh/faker-js/assets-person-portrait/male/512/64.jpg,Sun Jan 23 1977 10:06:23 GMT-0500 (Eastern Standard Time),Tue Oct 15 2024 12:55:26 GMT-0400 (Eastern Daylight Time)
4278291834459238,Harrison22,Kenny35@hotmail.com,https://cdn.jsdelivr.net/gh/faker-js/assets-person-portrait/female/512/28.jpg,Fri Jan 15 1988 00:32:28 GMT-0500 (Eastern Standard Time),Mon Nov 25 2024 06:31:32 GMT-0500 (Eastern Standard Time)
2253330666499306,Niko.Oberbrunner31,Gracie17@gmail.com,https://cdn.jsdelivr.net/gh/faker-js/assets-person-portrait/male/512/78.jpg,Tue Sep 13 1960 05:32:41 GMT-0400 (Eastern Daylight Time),Mon May 19 2025 05:02:12 GMT-0400 (Eastern Daylight Time)
1836332575747050,Rodrick.Jones,Marilyne0@hotmail.com,https://avatars.githubusercontent.com/u/78049360,Sat Feb 07 1970 11:28:46 GMT-0500 (Eastern Standard Time),Sat Jan 11 2025 15:27:18 GMT-0500 (Eastern Standard Time)
2266530971295914,Gilbert61,Isom.Luettgen@yahoo.com,https://avatars.githubusercontent.com/u/72502283,Mon Jul 03 1978 18:05:17 GMT-0400 (Eastern Daylight Time),Mon Jan 27 2025 09:08:39 GMT-0500 (Eastern Standard Time)
6817062135937774,Marvin5,Sebastian0@gmail.com,https://cdn.jsdelivr.net/gh/faker-js/assets-person-portrait/male/512/62.jpg,Fri Aug 03 1945 12:46:55 GMT-0400 (Eastern Daylight Time),Sat Feb 15 2025 18:47:15 GMT-0500 (Eastern Standard Time)
6256236386931187,Kelley_Predovic,Amina.Kshlerin@yahoo.com,https://cdn.jsdelivr.net/gh/faker-js/assets-person-portrait/male/512/7.jpg,Sun Nov 13 1949 10:20:32 GMT-0500 (Eastern Standard Time),Mon May 05 2025 02:08:10 GMT-0400 (Eastern Daylight Time)
5533224656063293,Katlynn49,Price.Morissette@hotmail.com,https://avatars.githubusercontent.com/u/90753133,Wed Jul 20 1960 02:43:36 GMT-0400 (Eastern Daylight Time),Sat Aug 03 2024 05:36:00 GMT-0400 (Eastern Daylight Time)
6158386590024393,Eleanore.Legros72,Justyn_Purdy46@gmail.com,https://avatars.githubusercontent.com/u/4613716,Thu Jun 23 1994 07:31:36 GMT-0400 (Eastern Daylight Time),Wed Jan 29 2025 16:31:41 GMT-0500 (Eastern Standard Time)
6934666738611272,Naomi_Lehner81,Jules_Schiller59@gmail.com,https://cdn.jsdelivr.net/gh/faker-js/assets-person-portrait/female/512/24.jpg,Sun Mar 26 1967 11:35:29 GMT-0500 (Eastern Daylight Time),Fri Mar 14 2025 16:16:39 GMT-0400 (Eastern Daylight Time)
4184186917395507,Edna.Cartwright,Sigurd.Littel49@yahoo.com,https://cdn.jsdelivr.net/gh/faker-js/assets-person-portrait/female/512/94.jpg,Sat Aug 09 1952 03:28:01 GMT-0400 (Eastern Daylight Time),Sat Dec 14 2024 14:57:48 GMT-0500 (Eastern Standard Time)
2401451902283942,Lazaro_Cummerata,Angel_Zemlak49@yahoo.com,https://cdn.jsdelivr.net/gh/faker-js/assets-person-portrait/female/512/67.jpg,Tue Feb 07 1956 13:18:33 GMT-0500 (Eastern Standard Time),Wed Oct 09 2024 05:10:46 GMT-0400 (Eastern Daylight Time)
7568689066189785,Elisha_Schaden,Samantha52@gmail.com,https://cdn.jsdelivr.net/gh/faker-js/assets-person-portrait/female/512/97.jpg,Thu Aug 21 1952 16:45:50 GMT-0400 (Eastern Daylight Time),Tue Nov 19 2024 15:31:37 GMT-0500 (Eastern Standard Time)
767421764192523,Jaylan_Schultz,Anita.Steuber@hotmail.com,https://cdn.jsdelivr.net/gh/faker-js/assets-person-portrait/female/512/34.jpg,Sat Apr 19 1986 19:40:56 GMT-0500 (Eastern Standard Time),Mon Sep 02 2024 06:58:02 GMT-0400 (Eastern Daylight Time)
7200257078063211,Eliseo.Kunze78,Santino_Fahey@gmail.com,https://avatars.githubusercontent.com/u/1915588,Sun Jun 25 2000 01:57:48 GMT-0400 (Eastern Daylight Time),Tue Oct 01 2024 19:18:06 GMT-0400 (Eastern Daylight Time)
3327041967350451,Morgan.Moore84,Alexa.Stehr@hotmail.com,https://cdn.jsdelivr.net/gh/faker-js/assets-person-portrait/female/512/81.jpg,Fri Jan 29 1960 11:40:17 GMT-0500 (Eastern Standard Time),Wed Apr 09 2025 07:40:48 GMT-0400 (Eastern Daylight Time)
469422499662541,Roxane_Roberts,Jamison15@gmail.com,https://cdn.jsdelivr.net/gh/faker-js/assets-person-portrait/male/512/5.jpg,Thu Sep 28 1995 12:08:32 GMT-0400 (Eastern Daylight Time),Mon Sep 23 2024 07:20:10 GMT-0400 (Eastern Daylight Time)
2935496562710719,Destinee47,Cleve_Klein23@hotmail.com,https://avatars.githubusercontent.com/u/87364227,Thu May 01 1969 21:10:01 GMT-0400 (Eastern Daylight Time),Mon Nov 11 2024 11:56:02 GMT-0500 (Eastern Standard Time)
3434018488426619,Ofelia_Schultz,Marisol53@yahoo.com,https://cdn.jsdelivr.net/gh/faker-js/assets-person-portrait/female/512/89.jpg,Tue Apr 04 1972 06:39:26 GMT-0500 (Eastern Standard Time),Sat Dec 28 2024 21:14:09 GMT-0500 (Eastern Standard Time)
2653469597764089,Linda_Veum64,Kaya8@hotmail.com,https://cdn.jsdelivr.net/gh/faker-js/assets-person-portrait/male/512/76.jpg,Tue Jul 19 2005 19:14:07 GMT-0400 (Eastern Daylight Time),Thu Oct 24 2024 04:23:40 GMT-0400 (Eastern Daylight Time)
4019052680902187,Jess_Emard7,Allie_Pfeffer@yahoo.com,https://cdn.jsdelivr.net/gh/faker-js/assets-person-portrait/male/512/25.jpg,Wed Jul 26 2000 03:11:40 GMT-0400 (Eastern Daylight Time),Sun May 11 2025 13:55:24 GMT-0400 (Eastern Daylight Time)
54507277390990,Alyson_Hessel,Natalia.Bernier37@gmail.com,https://avatars.githubusercontent.com/u/81609462,Thu Aug 02 1979 18:48:48 GMT-0400 (Eastern Daylight Time),Thu Nov 07 2024 18:58:04 GMT-0500 (Eastern Standard Time)
2175254781715265,Brenden_Torp-Parker,Dora.Gislason@hotmail.com,https://cdn.jsdelivr.net/gh/faker-js/assets-person-portrait/male/512/64.jpg,Wed Oct 22 1952 22:57:04 GMT-0500 (Eastern Daylight Time),Sun Sep 29 2024 06:54:03 GMT-0400 (Eastern Daylight Time)
7718477157667821,Shana57,Connie.Pfannerstill@yahoo.com,https://cdn.jsdelivr.net/gh/faker-js/assets-person-portrait/male/512/71.jpg,Sat Aug 29 1987 05:57:23 GMT-0400 (Eastern Daylight Time),Fri Mar 28 2025 18:01:20 GMT-0400 (Eastern Daylight Time)
7969714958833294,Stevie_McKenzie,Alayna.Hayes14@yahoo.com,https://avatars.githubusercontent.com/u/72773272,Sun Sep 23 1979 22:23:54 GMT-0400 (Eastern Daylight Time),Mon Nov 11 2024 19:11:45 GMT-0500 (Eastern Standard Time)
3345771542547261,Amely17,Andres.Koelpin54@yahoo.com,https://avatars.githubusercontent.com/u/84499870,Wed Oct 09 1963 16:34:28 GMT-0400 (Eastern Daylight Time),Wed May 07 2025 19:30:40 GMT-0400 (Eastern Daylight Time)
6593447709486468,Shaylee16,Seth29@yahoo.com,https://avatars.githubusercontent.com/u/90529202,Tue Aug 30 1983 15:37:12 GMT-0400 (Eastern Daylight Time),Sun Apr 20 2025 00:10:54 GMT-0400 (Eastern Daylight Time)
660018418164039,Juliana.Rolfson72,Afton.Hoppe@yahoo.com,https://avatars.githubusercontent.com/u/44539761,Wed Aug 07 1957 18:36:01 GMT-0400 (Eastern Daylight Time),Wed Jul 09 2025 03:52:05 GMT-0400 (Eastern Daylight Time)
5124890266526578,Anna.Bosco,Eulah69@yahoo.com,https://cdn.jsdelivr.net/gh/faker-js/assets-person-portrait/male/512/66.jpg,Tue Jun 01 1954 10:15:18 GMT-0400 (Eastern Daylight Time),Wed Jul 31 2024 16:05:31 GMT-0400 (Eastern Daylight Time)
3683218860960247,Jeramy45,Taya.Welch@yahoo.com,https://cdn.jsdelivr.net/gh/faker-js/assets-person-portrait/male/512/60.jpg,Tue Mar 07 1978 11:12:15 GMT-0500 (Eastern Standard Time),Fri May 02 2025 08:31:44 GMT-0400 (Eastern Daylight Time)
7612988435052029,Wellington49,Ed_Breitenberg@gmail.com,https://avatars.githubusercontent.com/u/43076978,Tue May 22 2007 18:36:14 GMT-0400 (Eastern Daylight Time),Sat Aug 17 2024 17:01:29 GMT-0400 (Eastern Daylight Time)
5072998757667567,Dayana26,Eric_Nolan@yahoo.com,https://avatars.githubusercontent.com/u/48915024,Thu May 28 1970 20:39:38 GMT-0400 (Eastern Daylight Time),Tue Sep 24 2024 03:22:38 GMT-0400 (Eastern Daylight Time)
4409076243232865,Fred32,Nathanial_Stark@yahoo.com,https://cdn.jsdelivr.net/gh/faker-js/assets-person-portrait/male/512/14.jpg,Sat Oct 18 1986 18:29:12 GMT-0400 (Eastern Daylight Time),Sun Jan 12 2025 16:31:32 GMT-0500 (Eastern Standard Time)
466991258250558,Kacey_Swift5,Kamryn_Hauck@gmail.com,https://cdn.jsdelivr.net/gh/faker-js/assets-person-portrait/male/512/0.jpg,Tue Mar 21 1978 23:13:25 GMT-0500 (Eastern Standard Time),Thu Sep 19 2024 03:20:50 GMT-0400 (Eastern Daylight Time)
8214867148989108,Lucienne99,Hollis62@yahoo.com,https://avatars.githubusercontent.com/u/48223543,Sun May 25 1958 22:47:54 GMT-0400 (Eastern Daylight Time),Sat Nov 02 2024 20:59:15 GMT-0400 (Eastern Daylight Time)
3393858987288875,Guadalupe_Lindgren,Garnet.Hansen@hotmail.com,https://cdn.jsdelivr.net/gh/faker-js/assets-person-portrait/female/512/95.jpg,Tue Feb 12 1946 23:26:16 GMT-0500 (Eastern Standard Time),Fri Jul 26 2024 12:10:06 GMT-0400 (Eastern Daylight Time)
7373582845519800,Jonathon.Krajcik77,Breanna_Kassulke@yahoo.com,https://avatars.githubusercontent.com/u/83599359,Mon Jul 20 1998 05:26:16 GMT-0400 (Eastern Daylight Time),Sun May 04 2025 07:58:41 GMT-0400 (Eastern Daylight Time)
6698003989265599,Jaquelin.Reinger,Alena_Ortiz52@hotmail.com,https://avatars.githubusercontent.com/u/95195673,Mon Dec 29 1997 06:32:44 GMT-0500 (Eastern Standard Time),Thu Jun 19 2025 21:27:27 GMT-0400 (Eastern Daylight Time)
3729903232627662,Afton.Johns85,Shakira50@gmail.com,https://cdn.jsdelivr.net/gh/faker-js/assets-person-portrait/female/512/96.jpg,Wed Oct 08 1969 05:23:57 GMT-0400 (Eastern Daylight Time),Fri Nov 15 2024 17:45:50 GMT-0500 (Eastern Standard Time)
8212514991762263,Jenifer49,Clarabelle_Wisoky27@hotmail.com,https://cdn.jsdelivr.net/gh/faker-js/assets-person-portrait/male/512/34.jpg,Wed Feb 27 1991 14:45:21 GMT-0500 (Eastern Standard Time),Fri Mar 07 2025 11:10:35 GMT-0500 (Eastern Standard Time)
2965722932195266,Saul15,Zoe16@hotmail.com,https://avatars.githubusercontent.com/u/54570215,Tue Sep 19 2000 13:10:31 GMT-0400 (Eastern Daylight Time),Sat Mar 22 2025 19:12:19 GMT-0400 (Eastern Daylight Time)
6055902598755875,America70,Aida90@gmail.com,https://avatars.githubusercontent.com/u/3211644,Tue Dec 07 1982 14:38:04 GMT-0500 (Eastern Standard Time),Sat Jan 04 2025 04:17:06 GMT-0500 (Eastern Standard Time)
909491925600292,Levi94,Estrella.Runolfsson9@hotmail.com,https://avatars.githubusercontent.com/u/62099545,Fri Jul 02 1954 17:04:24 GMT-0400 (Eastern Daylight Time),Sat Sep 14 2024 09:25:48 GMT-0400 (Eastern Daylight Time)
7777270131767679,Bo_Reichert89,Peyton_Schowalter38@hotmail.com,https://cdn.jsdelivr.net/gh/faker-js/assets-person-portrait/male/512/58.jpg,Wed Feb 16 1977 17:22:50 GMT-0500 (Eastern Standard Time),Mon Mar 24 2025 00:04:46 GMT-0400 (Eastern Daylight Time)
2840926481541375,Destini_OReilly,Angelica88@yahoo.com,https://avatars.githubusercontent.com/u/88642001,Sun Jul 14 1968 03:14:30 GMT-0400 (Eastern Daylight Time),Sat Jul 12 2025 17:28:23 GMT-0400 (Eastern Daylight Time)
2836542601738728,Casimir_Leffler,Tracy8@gmail.com,https://avatars.githubusercontent.com/u/83225318,Thu Jan 31 1974 21:04:39 GMT-0400 (Eastern Daylight Time),Sat May 10 2025 04:50:01 GMT-0400 (Eastern Daylight Time)
1862449700581236,Gillian.Jacobi2,Jeff.Connelly6@hotmail.com,https://avatars.githubusercontent.com/u/70080240,Sun Mar 13 1949 00:32:48 GMT-0500 (Eastern Standard Time),Sat Feb 22 2025 07:16:59 GMT-0500 (Eastern Standard Time)
5900085439866279,Zachery66,Gabriel2@yahoo.com,https://avatars.githubusercontent.com/u/49742299,Mon Aug 22 2005 11:34:06 GMT-0400 (Eastern Daylight Time),Sat Aug 03 2024 10:47:52 GMT-0400 (Eastern Daylight Time)
4668177002086962,Blanca_Braun,Markus_Kuhn@gmail.com,https://cdn.jsdelivr.net/gh/faker-js/assets-person-portrait/male/512/70.jpg,Sat Feb 19 1977 03:13:45 GMT-0500 (Eastern Standard Time),Fri Jul 11 2025 16:37:12 GMT-0400 (Eastern Daylight Time)
325538978934482,Dustin.Haag,Christine.Brekke@hotmail.com,https://avatars.githubusercontent.com/u/54739270,Sun Apr 03 1949 14:12:02 GMT-0500 (Eastern Daylight Time),Mon Mar 31 2025 17:19:40 GMT-0400 (Eastern Daylight Time)
4620821106632818,Marianna81,Newell_Yundt6@gmail.com,https://avatars.githubusercontent.com/u/83114250,Mon Nov 25 1957 11:05:46 GMT-0500 (Eastern Standard Time),Fri Dec 20 2024 10:31:38 GMT-0500 (Eastern Standard Time)
5913892161706608,Joanne52,Jasmin_Harber@yahoo.com,https://cdn.jsdelivr.net/gh/faker-js/assets-person-portrait/male/512/83.jpg,Wed Feb 04 1976 14:43:13 GMT-0500 (Eastern Standard Time),Thu Jun 19 2025 06:04:41 GMT-0400 (Eastern Daylight Time)
1971877043682820,Lavon33,Oscar_Lynch@gmail.com,https://avatars.githubusercontent.com/u/52045379,Wed Jun 28 1967 21:46:28 GMT-0400 (Eastern Daylight Time),Sun Feb 09 2025 22:11:25 GMT-0500 (Eastern Standard Time)
3222509373092204,Boris.Shanahan58,Aida_Haag9@yahoo.com,https://avatars.githubusercontent.com/u/39339529,Sun Nov 26 2000 05:24:16 GMT-0500 (Eastern Standard Time),Sun Jul 14 2024 21:30:53 GMT-0400 (Eastern Daylight Time)
5399279075292769,Rebeka97,Emilie1@gmail.com,https://cdn.jsdelivr.net/gh/faker-js/assets-person-portrait/male/512/53.jpg,Sun Dec 03 1972 13:48:08 GMT-0500 (Eastern Standard Time),Sat Sep 14 2024 09:12:39 GMT-0400 (Eastern Daylight Time)
2540713843637151,Juanita45,Hayley.Beier50@yahoo.com,https://cdn.jsdelivr.net/gh/faker-js/assets-person-portrait/male/512/0.jpg,Tue Oct 21 1947 10:36:05 GMT-0500 (Eastern Daylight Time),Fri Jan 31 2025 06:50:02 GMT-0500 (Eastern Standard Time)
1309094997725758,Rahul_Heaney,Maida.Schaefer@yahoo.com,https://cdn.jsdelivr.net/gh/faker-js/assets-person-portrait/female/512/73.jpg,Wed Feb 28 1968 15:20:48 GMT-0500 (Eastern Standard Time),Sun Dec 08 2024 17:07:07 GMT-0500 (Eastern Standard Time)
6772775776990270,Abagail48,Monty_Beatty@hotmail.com,https://cdn.jsdelivr.net/gh/faker-js/assets-person-portrait/male/512/15.jpg,Wed Jul 21 1965 02:03:53 GMT-0400 (Eastern Daylight Time),Tue Jul 16 2024 02:37:15 GMT-0400 (Eastern Daylight Time)
834680573688343,Sofia36,Rosetta9@yahoo.com,https://cdn.jsdelivr.net/gh/faker-js/assets-person-portrait/female/512/58.jpg,Tue Jan 11 1955 18:30:24 GMT-0500 (Eastern Standard Time),Fri May 16 2025 16:20:20 GMT-0400 (Eastern Daylight Time)
8146098444283619,Annetta.Walker36,Marcellus68@gmail.com,https://cdn.jsdelivr.net/gh/faker-js/assets-person-portrait/male/512/69.jpg,Thu Oct 13 1988 21:53:30 GMT-0400 (Eastern Daylight Time),Sun Apr 20 2025 11:21:24 GMT-0400 (Eastern Daylight Time)
2985060459969756,Rubye97,Torey.Wolf61@gmail.com,https://cdn.jsdelivr.net/gh/faker-js/assets-person-portrait/female/512/99.jpg,Tue Jul 30 1957 04:15:35 GMT-0400 (Eastern Daylight Time),Sat Feb 15 2025 22:41:14 GMT-0500 (Eastern Standard Time)
5581400446968646,Freddy22,Domenic51@yahoo.com,https://avatars.githubusercontent.com/u/44369326,Mon Mar 30 1959 04:11:01 GMT-0500 (Eastern Daylight Time),Thu Dec 26 2024 20:06:13 GMT-0500 (Eastern Standard Time)
4924338711703098,Jamar88,Dawson.Schamberger79@hotmail.com,https://avatars.githubusercontent.com/u/8788676,Sat Aug 31 1985 21:35:03 GMT-0400 (Eastern Daylight Time),Tue Jan 07 2025 02:34:20 GMT-0500 (Eastern Standard Time)
5702401307551838,Rocio65,Keeley_Zieme@gmail.com,https://avatars.githubusercontent.com/u/62201334,Mon May 12 1947 15:46:46 GMT-0400 (Eastern Daylight Time),Sun Jun 22 2025 01:21:34 GMT-0400 (Eastern Daylight Time)
5454205744178133,Marcellus69,Sigmund68@gmail.com,https://cdn.jsdelivr.net/gh/faker-js/assets-person-portrait/male/512/59.jpg,Sat Oct 19 1991 13:37:11 GMT-0400 (Eastern Daylight Time),Fri Aug 23 2024 09:30:53 GMT-0400 (Eastern Daylight Time)
4549985964006614,Malika41,Maxime.Spinka30@yahoo.com,https://cdn.jsdelivr.net/gh/faker-js/assets-person-portrait/male/512/21.jpg,Mon Apr 09 2001 10:46:31 GMT-0400 (Eastern Daylight Time),Tue Mar 25 2025 03:32:28 GMT-0400 (Eastern Daylight Time)
7447749704875623,Immanuel.Swaniawski,Hubert.Hagenes@gmail.com,https://cdn.jsdelivr.net/gh/faker-js/assets-person-portrait/female/512/2.jpg,Wed Oct 20 2004 09:26:03 GMT-0400 (Eastern Daylight Time),Thu Jan 16 2025 15:36:39 GMT-0500 (Eastern Standard Time)
8406119469383235,Winifred95,Dale14@hotmail.com,https://avatars.githubusercontent.com/u/7327879,Tue Jun 26 1956 21:47:11 GMT-0400 (Eastern Daylight Time),Mon Sep 09 2024 03:19:54 GMT-0400 (Eastern Daylight Time)
7582350617972594,Emerson25,Freddie56@gmail.com,https://cdn.jsdelivr.net/gh/faker-js/assets-person-portrait/female/512/48.jpg,Sat Feb 20 1960 20:43:25 GMT-0500 (Eastern Standard Time),Thu Jul 10 2025 15:24:59 GMT-0400 (Eastern Daylight Time)
7621876199788921,Andreanne25,Immanuel_Friesen@hotmail.com,https://avatars.githubusercontent.com/u/36277241,Wed May 23 1990 03:03:39 GMT-0400 (Eastern Daylight Time),Sun May 04 2025 00:32:01 GMT-0400 (Eastern Daylight Time)
1499713108612543,Justen_Crist87,Loma46@gmail.com,https://cdn.jsdelivr.net/gh/faker-js/assets-person-portrait/male/512/48.jpg,Mon Apr 10 2006 22:14:16 GMT-0400 (Eastern Daylight Time),Wed Nov 13 2024 16:38:03 GMT-0500 (Eastern Standard Time)
6229599115401401,Lisandro.Haley75,Clementine.Howe-Rath30@hotmail.com,https://avatars.githubusercontent.com/u/51793766,Wed Jul 31 2002 19:00:31 GMT-0400 (Eastern Daylight Time),Mon Apr 21 2025 03:14:07 GMT-0400 (Eastern Daylight Time)
4168252133060923,Emmitt_Orn-Weimann67,Jamar_Yundt76@gmail.com,https://avatars.githubusercontent.com/u/5372622,Thu Jun 27 1991 22:34:22 GMT-0400 (Eastern Daylight Time),Wed Mar 05 2025 21:56:11 GMT-0500 (Eastern Standard Time)
7434976495488026,Zakary_Schulist65,Brigitte.Dicki48@gmail.com,https://cdn.jsdelivr.net/gh/faker-js/assets-person-portrait/male/512/19.jpg,Mon Jan 02 1961 02:15:28 GMT-0500 (Eastern Standard Time),Thu Oct 10 2024 15:56:29 GMT-0400 (Eastern Daylight Time)
3777625748203604,Edison.Pagac,Marietta_Jones@yahoo.com,https://avatars.githubusercontent.com/u/45883560,Tue Dec 14 1993 18:03:04 GMT-0500 (Eastern Standard Time),Fri Feb 07 2025 11:50:31 GMT-0500 (Eastern Standard Time)
6528248912463871,Grover61,Mary93@gmail.com,https://cdn.jsdelivr.net/gh/faker-js/assets-person-portrait/female/512/17.jpg,Fri May 05 1978 16:07:21 GMT-0400 (Eastern Daylight Time),Sat May 10 2025 11:20:26 GMT-0400 (Eastern Daylight Time)
7128738367217229,Monroe.Rogahn51,Leonel_Kris61@hotmail.com,https://avatars.githubusercontent.com/u/39845614,Tue Jul 08 1952 18:54:45 GMT-0400 (Eastern Daylight Time),Sun Aug 25 2024 10:52:52 GMT-0400 (Eastern Daylight Time)
5904378602580159,Chesley.Strosin,Jett84@yahoo.com,https://cdn.jsdelivr.net/gh/faker-js/assets-person-portrait/male/512/9.jpg,Sun Oct 14 1984 07:53:53 GMT-0400 (Eastern Daylight Time),Mon Jul 07 2025 12:50:12 GMT-0400 (Eastern Daylight Time)
5509347634755170,Jackeline.Gutkowski,Keenan_Schmidt@gmail.com,https://cdn.jsdelivr.net/gh/faker-js/assets-person-portrait/female/512/34.jpg,Sun Mar 27 1994 04:25:41 GMT-0500 (Eastern Standard Time),Wed Apr 09 2025 18:16:06 GMT-0400 (Eastern Daylight Time)
2323338655753968,Aletha.Franecki37,Bethany_Bins9@hotmail.com,https://avatars.githubusercontent.com/u/83492854,Mon Nov 23 1970 22:16:21 GMT-0500 (Eastern Standard Time),Fri Oct 04 2024 15:25:49 GMT-0400 (Eastern Daylight Time)
3938597050930717,Brennan17,Aileen95@gmail.com,https://avatars.githubusercontent.com/u/66533003,Fri Feb 14 2003 07:04:25 GMT-0500 (Eastern Standard Time),Sat May 10 2025 09:44:14 GMT-0400 (Eastern Daylight Time)
209496665623189,Curtis22,Delta.Kihn@gmail.com,https://avatars.githubusercontent.com/u/24702814,Sat Nov 27 1965 21:06:31 GMT-0500 (Eastern Standard Time),Fri Jun 13 2025 02:44:17 GMT-0400 (Eastern Daylight Time)
3548191489848012,Libbie59,Vicky.Rath@yahoo.com,https://avatars.githubusercontent.com/u/98033547,Tue Aug 29 1944 18:44:15 GMT-0400 (Eastern Daylight Time),Sun Mar 09 2025 05:42:59 GMT-0400 (Eastern Daylight Time)
2539850144850442,Sandrine_Smitham,Jabari.Block@hotmail.com,https://cdn.jsdelivr.net/gh/faker-js/assets-person-portrait/female/512/73.jpg,Thu Jan 01 1987 13:06:26 GMT-0500 (Eastern Standard Time),Fri Dec 13 2024 06:42:13 GMT-0500 (Eastern Standard Time)
7430784242587059,Naomi75,Claire_Green69@yahoo.com,https://avatars.githubusercontent.com/u/70404776,Tue Jan 20 1953 02:35:30 GMT-0500 (Eastern Standard Time),Sun Aug 18 2024 00:34:03 GMT-0400 (Eastern Daylight Time)
7611992350205544,Courtney77,Malcolm.McKenzie@gmail.com,https://avatars.githubusercontent.com/u/34809817,Tue Jul 05 1983 01:34:01 GMT-0400 (Eastern Daylight Time),Thu May 29 2025 13:40:21 GMT-0400 (Eastern Daylight Time)
6346617269904339,Maryse.Lebsack28,Laverne.Kshlerin12@yahoo.com,https://cdn.jsdelivr.net/gh/faker-js/assets-person-portrait/male/512/18.jpg,Mon Jun 30 1947 03:42:46 GMT-0400 (Eastern Daylight Time),Wed Dec 11 2024 20:30:50 GMT-0500 (Eastern Standard Time)
5060611744954478,Curt40,Sibyl16@gmail.com,https://cdn.jsdelivr.net/gh/faker-js/assets-person-portrait/female/512/40.jpg,Mon Feb 13 1961 23:45:02 GMT-0500 (Eastern Standard Time),Wed Oct 23 2024 13:56:58 GMT-0400 (Eastern Daylight Time)
1257919209270146,Neva41,Norval.Stiedemann-Rolfson56@hotmail.com,https://cdn.jsdelivr.net/gh/faker-js/assets-person-portrait/male/512/8.jpg,Mon Apr 16 1984 08:27:15 GMT-0500 (Eastern Standard Time),Tue Dec 17 2024 19:23:31 GMT-0500 (Eastern Standard Time)
7679104764738129,Kiarra.Balistreri55,Guido39@hotmail.com,https://cdn.jsdelivr.net/gh/faker-js/assets-person-portrait/male/512/10.jpg,Thu Dec 31 1953 04:51:28 GMT-0500 (Eastern Standard Time),Tue May 27 2025 04:11:37 GMT-0400 (Eastern Daylight Time)
5554748074982238,Flo31,Hobart_Johnson@gmail.com,https://avatars.githubusercontent.com/u/55816211,Sat Sep 02 1995 01:53:50 GMT-0400 (Eastern Daylight Time),Wed Jul 09 2025 09:12:47 GMT-0400 (Eastern Daylight Time)
205707651552117,Lenny82,Granville.Ortiz62@gmail.com,https://cdn.jsdelivr.net/gh/faker-js/assets-person-portrait/male/512/35.jpg,Fri Aug 18 2006 08:59:22 GMT-0400 (Eastern Daylight Time),Sat Jul 27 2024 02:07:45 GMT-0400 (Eastern Daylight Time)
1102665180464739,Cali_OKon,Shawn87@hotmail.com,https://avatars.githubusercontent.com/u/30266480,Fri Jul 24 1981 18:30:52 GMT-0400 (Eastern Daylight Time),Wed Jan 15 2025 22:17:29 GMT-0500 (Eastern Standard Time)
1569222753515943,Reagan6,Gardner_Konopelski87@gmail.com,https://cdn.jsdelivr.net/gh/faker-js/assets-person-portrait/female/512/7.jpg,Wed Oct 04 1961 15:48:16 GMT-0400 (Eastern Daylight Time),Sat Apr 05 2025 03:37:10 GMT-0400 (Eastern Daylight Time)
5211847377900431,Pasquale_Flatley,Floy_Emard-Zboncak@gmail.com,https://cdn.jsdelivr.net/gh/faker-js/assets-person-portrait/male/512/97.jpg,Tue Jul 05 2005 00:21:53 GMT-0400 (Eastern Daylight Time),Wed Jun 04 2025 04:33:05 GMT-0400 (Eastern Daylight Time)
4218685343404380,Mitchel_Yundt64,Zachariah.Daugherty@gmail.com,https://avatars.githubusercontent.com/u/72964024,Sun Feb 13 1949 00:06:27 GMT-0500 (Eastern Standard Time),Fri Sep 06 2024 21:08:15 GMT-0400 (Eastern Daylight Time)
340890157571395,German.Durgan,Tanya26@hotmail.com,https://cdn.jsdelivr.net/gh/faker-js/assets-person-portrait/female/512/20.jpg,Sat Mar 17 1951 05:34:21 GMT-0500 (Eastern Daylight Time),Thu Jul 18 2024 01:16:16 GMT-0400 (Eastern Daylight Time)
4954636338232272,Nia_Lesch,Bettye.Jacobi38@gmail.com,https://avatars.githubusercontent.com/u/46130666,Wed Apr 11 1962 00:32:25 GMT-0500 (Eastern Daylight Time),Sun Sep 01 2024 06:29:58 GMT-0400 (Eastern Daylight Time)
6747335193199829,Laisha_Lang,Clyde.Stroman78@hotmail.com,https://avatars.githubusercontent.com/u/72190608,Sun Sep 12 1948 08:05:59 GMT-0400 (Eastern Daylight Time),Mon Jul 14 2025 03:54:31 GMT-0400 (Eastern Daylight Time)
2214980363402963,Tremayne61,Bernie_Ratke96@gmail.com,https://avatars.githubusercontent.com/u/39583070,Fri Nov 01 2002 23:21:40 GMT-0500 (Eastern Standard Time),Wed Feb 19 2025 23:47:22 GMT-0500 (Eastern Standard Time)
5945707135889329,Olga.Glover-Swaniawski69,Caleigh3@yahoo.com,https://avatars.githubusercontent.com/u/92133050,Thu Dec 13 1990 01:53:54 GMT-0500 (Eastern Standard Time),Tue Jul 16 2024 05:28:59 GMT-0400 (Eastern Daylight Time)
1742019745854356,Hershel.Durgan,Cary88@yahoo.com,https://cdn.jsdelivr.net/gh/faker-js/assets-person-portrait/male/512/76.jpg,Thu Sep 23 1982 22:48:06 GMT-0400 (Eastern Daylight Time),Wed Sep 11 2024 21:10:59 GMT-0400 (Eastern Daylight Time)
4813549007316754,Marilie.Emmerich,Blanca.Hickle-Fisher@hotmail.com,https://cdn.jsdelivr.net/gh/faker-js/assets-person-portrait/female/512/66.jpg,Wed Aug 30 2006 04:34:52 GMT-0400 (Eastern Daylight Time),Wed Feb 05 2025 11:18:42 GMT-0500 (Eastern Standard Time)
4913659167185260,Christy66,Kamille62@hotmail.com,https://cdn.jsdelivr.net/gh/faker-js/assets-person-portrait/female/512/28.jpg,Thu Jun 09 1994 19:31:23 GMT-0400 (Eastern Daylight Time),Thu Oct 31 2024 23:23:16 GMT-0400 (Eastern Daylight Time)
1032310622900935,Claude.Waelchi,Geovanni_Abernathy@gmail.com,https://avatars.githubusercontent.com/u/55295760,Sat Sep 12 1998 11:19:50 GMT-0400 (Eastern Daylight Time),Sat Aug 03 2024 08:38:54 GMT-0400 (Eastern Daylight Time)
7887170679502398,Therese26,Benedict31@hotmail.com,https://avatars.githubusercontent.com/u/61327471,Fri Apr 12 1946 02:10:30 GMT-0500 (Eastern Daylight Time),Sat Oct 26 2024 19:14:34 GMT-0400 (Eastern Daylight Time)
2827550328415099,Heather.Lebsack,Tyrique_Tremblay-Fay10@yahoo.com,https://avatars.githubusercontent.com/u/97401389,Fri May 05 1989 09:18:21 GMT-0400 (Eastern Daylight Time),Sun Jan 26 2025 16:01:14 GMT-0500 (Eastern Standard Time)
2786503770785053,Frederic.Leuschke,Cole15@gmail.com,https://avatars.githubusercontent.com/u/93781097,Wed Nov 03 1948 10:45:41 GMT-0500 (Eastern Daylight Time),Fri Mar 28 2025 21:09:00 GMT-0400 (Eastern Daylight Time)
8555322312140833,Marc.Collins,Cecelia.Purdy-Batz53@hotmail.com,https://cdn.jsdelivr.net/gh/faker-js/assets-person-portrait/female/512/87.jpg,Fri Sep 05 1958 19:47:16 GMT-0400 (Eastern Daylight Time),Sun Sep 08 2024 06:09:47 GMT-0400 (Eastern Daylight Time)
2663642103780837,Sincere_Wolf70,Joaquin56@gmail.com,https://avatars.githubusercontent.com/u/51263638,Mon Jan 12 1948 10:03:35 GMT-0500 (Eastern Standard Time),Sat Jan 11 2025 15:39:44 GMT-0500 (Eastern Standard Time)
986787155743832,Yessenia.Emmerich,Cleve_Stehr98@gmail.com,https://cdn.jsdelivr.net/gh/faker-js/assets-person-portrait/female/512/42.jpg,Sat May 31 1997 22:59:41 GMT-0400 (Eastern Daylight Time),Sat Dec 07 2024 02:21:57 GMT-0500 (Eastern Standard Time)
4130623577590786,Albert34,Laurine.Schumm78@yahoo.com,https://avatars.githubusercontent.com/u/24450859,Thu Nov 16 2000 16:15:29 GMT-0500 (Eastern Standard Time),Fri Jun 20 2025 18:20:17 GMT-0400 (Eastern Daylight Time)
1295870642260979,Shyann.Konopelski,Elta_Romaguera74@hotmail.com,https://cdn.jsdelivr.net/gh/faker-js/assets-person-portrait/male/512/19.jpg,Sat Dec 03 2005 11:05:50 GMT-0500 (Eastern Standard Time),Sun Jul 21 2024 19:46:15 GMT-0400 (Eastern Daylight Time)
8522375781660403,Abbigail88,Chyna65@hotmail.com,https://avatars.githubusercontent.com/u/6950740,Mon Feb 17 1958 09:56:10 GMT-0500 (Eastern Standard Time),Sun Oct 27 2024 14:03:19 GMT-0400 (Eastern Daylight Time)
2758264497864109,Jamar_Zieme5,Mallie_Grant@yahoo.com,https://cdn.jsdelivr.net/gh/faker-js/assets-person-portrait/female/512/22.jpg,Thu Oct 05 2006 04:11:59 GMT-0400 (Eastern Daylight Time),Sun Oct 20 2024 22:03:56 GMT-0400 (Eastern Daylight Time)
5154814285885062,Elva_Ferry9,Annabelle93@yahoo.com,https://cdn.jsdelivr.net/gh/faker-js/assets-person-portrait/female/512/32.jpg,Fri Oct 28 1949 15:14:55 GMT-0500 (Eastern Daylight Time),Mon Nov 11 2024 08:33:30 GMT-0500 (Eastern Standard Time)
8324010975264039,Willis.Turcotte48,Loren71@hotmail.com,https://avatars.githubusercontent.com/u/35567942,Sat Mar 27 1948 10:40:43 GMT-0500 (Eastern Daylight Time),Mon Feb 24 2025 08:51:24 GMT-0500 (Eastern Standard Time)
3032484988000282,Bert.Bernier91,Summer_Huels33@hotmail.com,https://cdn.jsdelivr.net/gh/faker-js/assets-person-portrait/female/512/3.jpg,Sat Sep 27 1958 17:27:39 GMT-0400 (Eastern Daylight Time),Fri Aug 02 2024 12:41:09 GMT-0400 (Eastern Daylight Time)
56348177058532,Adolph.Ebert,Hunter_Walter@hotmail.com,https://avatars.githubusercontent.com/u/82431314,Fri May 20 1955 13:32:16 GMT-0400 (Eastern Daylight Time),Sun Oct 20 2024 22:44:37 GMT-0400 (Eastern Daylight Time)
8924179464197864,Tina.Rice86,Jerry.Schultz@hotmail.com,https://cdn.jsdelivr.net/gh/faker-js/assets-person-portrait/female/512/62.jpg,Wed Jul 18 1951 05:57:39 GMT-0400 (Eastern Daylight Time),Sun Aug 25 2024 03:25:19 GMT-0400 (Eastern Daylight Time)
3997417792119326,Iliana_Leuschke84,Shyanne53@hotmail.com,https://avatars.githubusercontent.com/u/14777748,Tue Dec 05 1972 22:57:54 GMT-0500 (Eastern Standard Time),Wed Apr 23 2025 12:23:08 GMT-0400 (Eastern Daylight Time)
33367090302085,Ottilie_Bernier,Lorine.Parker70@hotmail.com,https://cdn.jsdelivr.net/gh/faker-js/assets-person-portrait/female/512/35.jpg,Sun Jan 30 2005 09:24:13 GMT-0500 (Eastern Standard Time),Fri Apr 18 2025 23:02:00 GMT-0400 (Eastern Daylight Time)
6447371208748825,Alberto_Lakin,Evalyn_Jacobs55@hotmail.com,https://cdn.jsdelivr.net/gh/faker-js/assets-person-portrait/male/512/22.jpg,Sat Dec 08 1962 07:11:47 GMT-0500 (Eastern Standard Time),Thu Mar 06 2025 10:47:20 GMT-0500 (Eastern Standard Time)
2185691986334096,Helene.DAmore2,Griffin_Bednar96@hotmail.com,https://cdn.jsdelivr.net/gh/faker-js/assets-person-portrait/female/512/47.jpg,Wed Aug 14 1957 07:04:36 GMT-0400 (Eastern Daylight Time),Sun Jul 28 2024 05:58:59 GMT-0400 (Eastern Daylight Time)
1891209909619780,Verna.Price91,Margarett_Kub@hotmail.com,https://avatars.githubusercontent.com/u/19553672,Mon Sep 30 1946 19:23:33 GMT-0500 (Eastern Daylight Time),Wed Jul 02 2025 13:03:35 GMT-0400 (Eastern Daylight Time)
2790552976907089,Colin95,Araceli81@gmail.com,https://avatars.githubusercontent.com/u/56462029,Tue Oct 20 1981 01:51:42 GMT-0400 (Eastern Daylight Time),Sat Feb 01 2025 17:41:44 GMT-0500 (Eastern Standard Time)
1385207766930635,Humberto_Marquardt,Edwardo94@gmail.com,https://avatars.githubusercontent.com/u/37264993,Sun Jun 11 2006 14:21:53 GMT-0400 (Eastern Daylight Time),Mon Apr 14 2025 02:07:05 GMT-0400 (Eastern Daylight Time)
1153183421222250,Jayson5,Eleonore.Ziemann@yahoo.com,https://avatars.githubusercontent.com/u/66123783,Thu Aug 18 1983 23:12:33 GMT-0400 (Eastern Daylight Time),Tue Apr 01 2025 18:37:42 GMT-0400 (Eastern Daylight Time)
611956564730085,Gayle_Huels50,Alex18@gmail.com,https://cdn.jsdelivr.net/gh/faker-js/assets-person-portrait/female/512/77.jpg,Sun Jan 15 1995 10:03:46 GMT-0500 (Eastern Standard Time),Thu Sep 12 2024 22:19:14 GMT-0400 (Eastern Daylight Time)
6833495973830685,Hattie.Brakus8,Kane1@hotmail.com,https://avatars.githubusercontent.com/u/29878659,Mon Mar 27 1961 07:57:34 GMT-0500 (Eastern Daylight Time),Thu Aug 01 2024 22:53:57 GMT-0400 (Eastern Daylight Time)
1789239677027482,Hyman_Bauch-Gutkowski,Jarvis_Russel58@yahoo.com,https://avatars.githubusercontent.com/u/3740025,Fri Mar 17 1972 14:37:18 GMT-0500 (Eastern Standard Time),Tue Jan 07 2025 07:05:57 GMT-0500 (Eastern Standard Time)
7699609689133320,Keon.Little25,Marta12@yahoo.com,https://avatars.githubusercontent.com/u/5842733,Wed Nov 09 1966 21:10:21 GMT-0500 (Eastern Standard Time),Mon Mar 10 2025 02:09:50 GMT-0400 (Eastern Daylight Time)
4962649257643125,Katheryn_Wunsch29,Scottie1@yahoo.com,https://cdn.jsdelivr.net/gh/faker-js/assets-person-portrait/male/512/18.jpg,Fri Mar 08 1991 13:59:10 GMT-0500 (Eastern Standard Time),Tue Sep 17 2024 06:48:37 GMT-0400 (Eastern Daylight Time)
416708624085721,Unique96,Bert_Dietrich69@hotmail.com,https://avatars.githubusercontent.com/u/3515478,Mon Sep 18 1961 05:19:25 GMT-0400 (Eastern Daylight Time),Sun Oct 27 2024 02:40:34 GMT-0400 (Eastern Daylight Time)
5577435510960841,Wilfred.Labadie,Nya.Anderson@gmail.com,https://avatars.githubusercontent.com/u/61433855,Thu Feb 14 1974 08:58:12 GMT-0400 (Eastern Daylight Time),Wed Aug 21 2024 22:50:08 GMT-0400 (Eastern Daylight Time)
2092579644247041,Haskell.OConnell52,Fae10@gmail.com,https://avatars.githubusercontent.com/u/67660564,Sun Sep 22 1957 21:30:45 GMT-0400 (Eastern Daylight Time),Mon Nov 11 2024 09:06:47 GMT-0500 (Eastern Standard Time)
3788704596843604,Russel55,Aurore_Orn67@yahoo.com,https://cdn.jsdelivr.net/gh/faker-js/assets-person-portrait/female/512/7.jpg,Mon Apr 14 1975 04:41:42 GMT-0400 (Eastern Daylight Time),Tue Jun 03 2025 03:22:04 GMT-0400 (Eastern Daylight Time)
8317649500774168,Agustina25,Amy.Jakubowski@hotmail.com,https://cdn.jsdelivr.net/gh/faker-js/assets-person-portrait/female/512/67.jpg,Thu Jul 08 1965 19:29:24 GMT-0400 (Eastern Daylight Time),Wed Sep 11 2024 04:32:44 GMT-0400 (Eastern Daylight Time)
1437999800723818,Grady.Haag16,Pierce_Nitzsche-Durgan44@gmail.com,https://cdn.jsdelivr.net/gh/faker-js/assets-person-portrait/female/512/64.jpg,Wed Dec 22 1954 23:10:18 GMT-0500 (Eastern Standard Time),Sat Aug 03 2024 12:08:19 GMT-0400 (Eastern Daylight Time)
8574304417007840,Maymie83,Wilhelm52@hotmail.com,https://cdn.jsdelivr.net/gh/faker-js/assets-person-portrait/female/512/9.jpg,Sun Dec 09 1945 20:52:49 GMT-0500 (Eastern Standard Time),Thu Feb 06 2025 08:15:14 GMT-0500 (Eastern Standard Time)
7525332819202883,Liliana_Ullrich,Mertie17@hotmail.com,https://avatars.githubusercontent.com/u/12361192,Wed May 06 1992 23:44:14 GMT-0400 (Eastern Daylight Time),Sun Jun 08 2025 20:02:39 GMT-0400 (Eastern Daylight Time)
523405581184662,Fae.Kemmer97,Kenyon84@yahoo.com,https://cdn.jsdelivr.net/gh/faker-js/assets-person-portrait/female/512/58.jpg,Thu Sep 11 1980 23:51:53 GMT-0400 (Eastern Daylight Time),Mon Jun 30 2025 10:25:21 GMT-0400 (Eastern Daylight Time)
5595274516853551,Andreanne99,Andre.Hermiston@hotmail.com,https://cdn.jsdelivr.net/gh/faker-js/assets-person-portrait/male/512/90.jpg,Thu Jul 24 1947 11:35:49 GMT-0400 (Eastern Daylight Time),Fri Feb 14 2025 17:07:45 GMT-0500 (Eastern Standard Time)
6510423005934033,Hailee6,Paxton89@yahoo.com,https://avatars.githubusercontent.com/u/83424788,Thu Apr 18 1946 21:26:53 GMT-0500 (Eastern Daylight Time),Tue Sep 10 2024 05:48:04 GMT-0400 (Eastern Daylight Time)
128858319572566,Mitchell.Douglas,Elmer.Ledner8@yahoo.com,https://cdn.jsdelivr.net/gh/faker-js/assets-person-portrait/male/512/36.jpg,Mon Jun 28 1954 06:20:27 GMT-0400 (Eastern Daylight Time),Thu Apr 10 2025 15:54:40 GMT-0400 (Eastern Daylight Time)
6759521254774212,Gage.Cronin41,Skye2@yahoo.com,https://cdn.jsdelivr.net/gh/faker-js/assets-person-portrait/male/512/90.jpg,Mon Apr 02 2007 15:21:15 GMT-0400 (Eastern Daylight Time),Fri Sep 13 2024 00:01:08 GMT-0400 (Eastern Daylight Time)
1568794619780099,Stefan_Nikolaus,Cyrus.Mohr48@yahoo.com,https://cdn.jsdelivr.net/gh/faker-js/assets-person-portrait/female/512/86.jpg,Fri Apr 27 1962 21:24:42 GMT-0500 (Eastern Daylight Time),Thu Dec 19 2024 04:31:08 GMT-0500 (Eastern Standard Time)
1414125299586397,Mossie_Quitzon44,Adolph_Mitchell@yahoo.com,https://avatars.githubusercontent.com/u/12778140,Thu Dec 11 2003 22:59:18 GMT-0500 (Eastern Standard Time),Tue Oct 15 2024 21:50:05 GMT-0400 (Eastern Daylight Time)
3678869987088165,Jayde31,Moriah_Mann@hotmail.com,https://cdn.jsdelivr.net/gh/faker-js/assets-person-portrait/female/512/43.jpg,Sat Jul 30 1955 12:51:12 GMT-0400 (Eastern Daylight Time),Sun May 18 2025 18:24:57 GMT-0400 (Eastern Daylight Time)
1949884277055801,Hildegard_Green,Cyril_Stroman@hotmail.com,https://cdn.jsdelivr.net/gh/faker-js/assets-person-portrait/male/512/66.jpg,Sun Jan 19 2003 01:19:52 GMT-0500 (Eastern Standard Time),Wed Mar 05 2025 11:05:48 GMT-0500 (Eastern Standard Time)
5024060064992383,Kyle_Goldner,Edison.Blick@yahoo.com,https://avatars.githubusercontent.com/u/2456584,Fri Jan 21 1966 00:29:36 GMT-0500 (Eastern Standard Time),Tue Jan 28 2025 09:39:15 GMT-0500 (Eastern Standard Time)
6378488519680308,Pearlie_Mann,Jude17@yahoo.com,https://cdn.jsdelivr.net/gh/faker-js/assets-person-portrait/male/512/13.jpg,Sun Jul 08 2007 14:37:12 GMT-0400 (Eastern Daylight Time),Sun Jul 28 2024 14:01:06 GMT-0400 (Eastern Daylight Time)
207154874696516,Don.Rohan-Padberg,Isaias_Abshire@yahoo.com,https://cdn.jsdelivr.net/gh/faker-js/assets-person-portrait/female/512/60.jpg,Fri Aug 10 1951 15:40:05 GMT-0400 (Eastern Daylight Time),Thu Dec 19 2024 00:30:39 GMT-0500 (Eastern Standard Time)
5834136361077309,Ramon.Johnston86,Harmon_Kshlerin@yahoo.com,https://avatars.githubusercontent.com/u/31057204,Tue Apr 03 1956 14:28:11 GMT-0500 (Eastern Daylight Time),Thu Jan 02 2025 07:05:08 GMT-0500 (Eastern Standard Time)